0,0
-0.04245048,0.02608854
-0.08727755,0.05157904
-0.1314543,0.07496957
-0.1773545,0.09772859
-0.2230641,0.1190458
-0.2695355,0.1395178
-0.3166893,0.1592016
-0.3634279,0.1777512
-0.4115008,0.1959379
-0.4587846,0.2130307
-0.5067471,0.2296389
-0.5554236,0.2458096
-0.6032177,0.261073
-0.6519575,0.2760624
-0.7007973,0.2905441
-0.7492259,0.3044112
-0.7984476,0.3180386
-0.8475099,0.3311853
-0.896352,0.343869
-0.9458622,0.3563408
-0.9952046,0.3684082
-1.044315,0.3800813
-1.093989,0.3915659
-1.143647,0.4027404
-1.192933,0.4135453
-1.242695,0.424181
-1.292675,0.434601
-1.342081,0.4446561
-1.391888,0.4545586
-1.442079,0.4643111
-1.491663,0.4737331
-1.541495,0.4829995
-1.591647,0.4921298
-1.641601,0.501038
-1.691455,0.5097514
-1.741571,0.5183406
-1.791821,0.5267892
-1.841706,0.5350214
-1.891803,0.5431398
-1.942096,0.5511469
-1.992189,0.5589855
-2.042288,0.5666944
-2.092537,0.5743011
-2.142842,0.5817958
-2.192972,0.5891497
-2.243208,0.5964093
-2.293537,0.603577
-2.343796,0.610634
-2.394054,0.6175948
-2.444364,0.6244709
-2.494702,0.6312631
-2.54502,0.6379691
-2.595348,0.6445968
-2.645673,0.6511486
-2.696049,0.6576352
-2.746436,0.664055
-2.796779,0.670405
-2.847089,0.6766905
-2.897576,0.6829408
-2.947977,0.6891271
-2.998277,0.6952515
-3.048719,0.701347
-3.099216,0.7074064
-3.14957,0.7134095
-3.199825,0.719366
-3.250457,0.7253352
-3.300898,0.7312537
-3.351132,0.737124
-3.401666,0.7430089
-3.452226,0.7488802
-3.502528,0.754709
-3.552823,0.7605287
-3.60353,0.7663919
-3.653919,0.7722186
-3.703973,0.7780113
-3.754795,0.7839023
-3.805284,0.7897694
-3.855369,0.7956092
-3.906018,0.80154
-3.956606,0.8074948
-4.00671,0.8134297
-4.057209,0.8194551
-4.107875,0.8255517
-4.157963,0.8316369
-4.208385,0.8378291
-4.259078,0.8441309
-4.309079,0.8504312
-4.359552,0.8568869
-4.410176,0.8634707
-4.45997,0.8700655
-4.510118,0.8767617
-4.560416,0.883341
-4.610766,0.8897817
-4.661143,0.8960813
-4.711483,0.9022334
-4.76193,0.9082567
-4.812266,0.9141269
-4.862777,0.9198787
-4.913111,0.9254739
-4.963678,0.9309595
-5.01406,0.9362921
-5.064632,0.9415129
-5.115067,0.9465903
-5.165637,0.9515538
-5.216118,0.9563832
-5.26669,0.9610984
-5.317211,0.965688
-5.367787,0.9701644
-5.418343,0.9745232
-5.468925,0.9787712
-5.519508,0.9829087
-5.5701,0.9869391
-5.620708,0.9908658
-5.671309,0.9946901
-5.721936,0.9984176
-5.772549,1.002048
-5.823193,1.005588
-5.873816,1.009038
-5.924471,1.012404
-5.975107,1.015686
-6.025771,1.018892
-6.07642,1.022021
-6.12709,1.02508
-6.17775,1.028071
-6.228423,1.031
-6.279096,1.033869
-6.32977,1.036682
-6.380454,1.039445
-6.431126,1.042161
-6.481822,1.044834
-6.532493,1.047469
-6.583198,1.050071
-6.633863,1.052643
-6.684578,1.055192
-6.73524,1.057719
-6.785962,1.060233
-6.83662,1.062735
-6.887347,1.065234
-6.938002,1.06773
-6.988731,1.070234
-7.039396,1.072744
-7.090114,1.075271
-7.140785,1.077817
-7.19149,1.080389
-7.242168,1.082989
-7.292861,1.085626
-7.343541,1.088304
-7.394222,1.091027
-7.444896,1.093814
-7.495561,1.096723
-7.546237,1.099752
-7.596892,1.102888
-7.647548,1.106121
-7.698201,1.109441
-7.748826,1.112834
-7.799485,1.116296
-7.850113,1.119809
-7.900743,1.123366
-7.951386,1.126955
-8.001988,1.130563
-8.052642,1.134184
-8.103266,1.137801
-8.153879,1.141404
-8.204535,1.144985
-8.255145,1.148526
-8.305796,1.152021
-8.356445,1.155454
-8.407045,1.15881
-8.457744,1.162086
-8.508392,1.165259
-8.559038,1.168318
-8.609745,1.171253
-8.660395,1.174044
-8.711093,1.176682
-8.761811,1.17915
-8.812469,1.181428
-8.86322,1.183509
-8.913953,1.18537
-8.964621,1.186993
-9.015419,1.188367
-9.066167,1.189467
-9.116846,1.190276
-9.167669,1.190776
-9.218429,1.190944
-9.269114,1.19076
-9.319935,1.1902
-9.370691,1.189243
-9.421368,1.187865
-9.472134,1.186036
-9.522861,1.183733
-9.573499,1.180933
-9.62414,1.1776
-9.674792,1.173703
-9.725302,1.169278
-9.775849,1.164779
-9.826393,1.160288
-9.876934,1.155769
-9.927497,1.15118
-9.978047,1.146484
-10.02858,1.141639
-10.07909,1.136602
-10.12957,1.13133
-10.18002,1.125778
-10.23043,1.119898
-10.28079,1.113642
-10.3311,1.10696
-10.38134,1.099801
-10.4315,1.092112
-10.48157,1.083838
-10.53155,1.07492
-10.58139,1.065305
-10.63108,1.054934
-10.68059,1.043749
-10.72989,1.03169
-10.77895,1.0187
-10.82775,1.004718
-10.87622,0.9896888
-10.92435,0.9735581
-10.97206,0.9562737
-11.01933,0.9377875
-11.06609,0.918057
-11.11228,0.8970446
-11.15786,0.8747206
-11.20275,0.8510617
-11.24689,0.8261541
-11.29048,0.8001511
-11.33348,0.7731782
-11.3759,0.745298
-11.41775,0.7165646
-11.45904,0.6870254
-11.49978,0.6567212
-11.53997,0.625689
-11.57961,0.5939596
-11.61868,0.561581
-11.65721,0.5285522
-11.6952,0.4948906
-11.73264,0.4606147
-11.76953,0.4257391
-11.80586,0.3902786
-11.84161,0.3542446
-11.87677,0.3176455
-11.91134,0.2804756
-11.9453,0.2427365
-11.97862,0.2044349
-12.01129,0.1655728
-12.04327,0.1261485
-12.07454,0.08616041
-12.10505,0.04560333
-12.13477,0.004469082
-12.16365,-0.03725145
-12.19164,-0.07956953
-12.21868,-0.1225082
-12.24472,-0.1660955
-12.26965,-0.2103192
-12.29337,-0.2551918
-12.31578,-0.3007273
-12.33702,-0.3467675
-12.35747,-0.3931888
-12.37714,-0.4399679
-12.39604,-0.4870775
-12.41416,-0.5344964
-12.4315,-0.5822105
-12.44804,-0.6302103
-12.46374,-0.6784881
-12.47858,-0.7270377
-12.49251,-0.775853
-12.50548,-0.8249307
-12.51744,-0.8742641
-12.52829,-0.923849
-12.53797,-0.9736785
-12.54636,-1.023742
-12.55334,-1.074027
-12.55877,-1.124507
-12.56247,-1.175148
-12.56423,-1.225898
-12.56382,-1.276673
-12.56092,-1.327354
-12.55521,-1.377767
-12.54628,-1.427666
-12.53365,-1.476812
-12.51683,-1.524741
-12.49537,-1.570698
-12.46893,-1.613915
-12.43761,-1.653798
-12.4024,-1.690345
-12.36416,-1.723782
-12.32368,-1.754306
-12.28146,-1.782263
-12.23781,-1.807981
-12.19298,-1.831726
-12.14715,-1.853723
-12.10047,-1.874158
-12.05351,-1.893009
-12.00598,-1.910583
-11.95786,-1.927024
-11.90936,-1.942378
-11.86082,-1.956646
-11.81181,-1.970049
-11.7625,-1.982606
-11.71325,-1.994292
-11.66363,-2.005273
-11.61387,-2.015538
-11.5641,-2.025109
-11.51404,-2.034076
-11.46402,-2.042411
-11.41386,-2.050177
-11.36354,-2.057397
-11.31329,-2.064066
-11.26286,-2.070233
-11.21243,-2.075895
-11.16192,-2.081076
-11.11136,-2.085785
-11.06078,-2.090032
-11.01016,-2.093827
-10.9595,-2.097176
-10.9088,-2.100087
-10.85814,-2.10256
-10.80735,-2.104604
-10.75665,-2.106213
-10.70588,-2.107391
-10.65509,-2.108133
-10.60446,-2.108436
-10.55354,-2.108293
-10.50281,-2.107696
-10.45213,-2.106636
-10.40201,-2.104883
-10.35104,-2.101971
-10.30068,-2.098055
-10.25,-2.093151
-10.19963,-2.087391
-10.14933,-2.080818
-10.09893,-2.073467
-10.04903,-2.065482
-9.998578,-2.05674
-9.94908,-2.047549
-9.899088,-2.037684
-9.849469,-2.027349
-9.799934,-2.016521
-9.750195,-2.005161
-9.701069,-1.993489
-9.651605,-1.981306
-9.602488,-1.968802
-9.553436,-1.95593
-9.504191,-1.942642
-9.455492,-1.929156
-9.406575,-1.915282
-9.357794,-1.901134
-9.309204,-1.886748
-9.260463,-1.872034
-9.212034,-1.857148
-9.163588,-1.842002
-9.115101,-1.826602
-9.066879,-1.811056
-9.018598,-1.795273
-8.970382,-1.779304
-8.922285,-1.763178
-8.874176,-1.74686
-8.826159,-1.730396
-8.778195,-1.713782
-8.73027,-1.697024
-8.682379,-1.680127
-8.634558,-1.663115
-8.586782,-1.645986
-8.53899,-1.628726
-8.491323,-1.611396
-8.443623,-1.593945
-8.395942,-1.576403
-8.348439,-1.558834
-8.300735,-1.541108
-8.253183,-1.523362
-8.205747,-1.505593
-8.158071,-1.487675
-8.110669,-1.469811
-8.063135,-1.451855
-8.015581,-1.433859
-7.968369,-1.41597
-7.920622,-1.397865
-7.873237,-1.379894
-7.825803,-1.361912
-7.778174,-1.343875
-7.731031,-1.326053
-7.683175,-1.308004
-7.635795,-1.290193
-7.588208,-1.272376
-7.540539,-1.254617
-7.493221,-1.237095
-7.445214,-1.219444
-7.39799,-1.202228
-7.34975,-1.184815
-7.302286,-1.167883
-7.254048,-1.150907
-7.206363,-1.134394
-7.157992,-1.117958
-7.110149,-1.102061
-7.061455,-1.086309
-7.013601,-1.071319
-6.965222,-1.056217
-6.916966,-1.040543
-6.8689,-1.024335
-6.820949,-1.0076
-6.773155,-0.9903924
-6.725526,-0.9727727
-6.67805,-0.9548075
-6.630708,-0.9365786
-6.583471,-0.918182
-6.536182,-0.8996807
-6.488875,-0.8812333
-6.441539,-0.8629977
-6.394065,-0.8451113
-6.34636,-0.8277293
-6.298442,-0.8110566
-6.25022,-0.7952574
-6.201664,-0.7805103
-6.152746,-0.7669788
-6.103498,-0.754817
-6.053896,-0.7441335
-6.003924,-0.735008
-5.953794,-0.7275211
-5.903409,-0.7216644
-5.852749,-0.7173179
-5.802087,-0.7141094
-5.751383,-0.7119651
-5.70065,-0.7108474
-5.649897,-0.7107197
-5.599146,-0.7115461
-5.548416,-0.7132916
-5.497719,-0.7159218
-5.447084,-0.7194016
-5.396519,-0.7236983
-5.346025,-0.7287806
-5.295607,-0.7346181
-5.245275,-0.7411809
-5.195037,-0.7484403
-5.144898,-0.7563685
-5.094865,-0.7649387
-5.044946,-0.7741244
-4.995148,-0.7839004
-4.94546,-0.794245
-4.89589,-0.8051349
-4.846434,-0.8165493
-4.797095,-0.8284666
-4.747877,-0.8408664
-4.698775,-0.8537304
-4.649794,-0.8670391
-4.600929,-0.8807753
-4.552269,-0.8951919
-4.503941,-0.9106841
-4.455946,-0.9271817
-4.408283,-0.9446088
-4.36094,-0.9628915
-4.313906,-0.9819554
-4.267162,-1.001731
-4.220694,-1.022146
-4.174479,-1.043138
-4.128496,-1.06464
-4.082722,-1.08659
-4.037132,-1.108931
-3.991723,-1.131595
-3.94646,-1.15453
-3.90131,-1.17769
-3.856244,-1.201025
-3.811237,-1.224487
-3.766268,-1.248029
-3.72131,-1.271607
-3.676342,-1.295175
-3.63135,-1.318687
-3.586335,-1.34209
-3.541242,-1.365362
-3.496051,-1.388464
-3.450749,-1.411356
-3.405312,-1.434003
-3.359726,-1.456367
-3.314013,-1.478395
-3.268137,-1.500064
-3.222068,-1.521347
-3.175794,-1.542211
-3.129306,-1.562623
-3.082602,-1.582549
-3.036125,-1.602246
-2.989484,-1.622393
-2.942864,-1.642861
-2.896656,-1.663426
-2.850271,-1.684309
-2.804077,-1.705306
-2.757972,-1.726428
-2.711711,-1.747757
-2.665807,-1.769028
-2.619707,-1.790468
-2.573731,-1.811905
-2.527739,-1.83338
-2.481696,-1.854885
-2.435747,-1.876333
-2.389663,-1.897808
-2.343689,-1.919176
-2.297595,-1.940524
-2.251511,-1.961771
-2.205358,-1.982934
-2.159163,-2.00398
-2.112901,-2.024901
-2.066594,-2.045666
-2.020177,-2.066282
-1.973732,-2.086692
-1.927134,-2.106927
-1.88049,-2.126918
-1.833719,-2.146674
-1.786824,-2.166168
-1.739882,-2.18534
-1.692682,-2.204247
-1.645531,-2.222733
-1.598014,-2.240929
-1.550488,-2.258659
-1.502774,-2.27595
-1.454803,-2.292783
-1.406901,-2.308998
-1.358443,-2.324752
-1.309996,-2.339797
-1.261393,-2.354128
-1.212333,-2.367754
-1.163289,-2.380461
-1.113945,-2.392244
-1.064192,-2.403014
-1.01442,-2.412566
-0.9644823,-2.4208
-0.9139771,-2.427607
-0.8634466,-2.432717
-0.8130881,-2.435934
-0.7623545,-2.437535
-0.711598,-2.437682
-0.6608561,-2.436416
-0.6101707,-2.433776
-0.5595738,-2.429797
-0.5091029,-2.424517
-0.4587635,-2.417962
-0.408597,-2.410162
-0.3586395,-2.401144
-0.3089163,-2.390928
-0.2594607,-2.379533
-0.2102996,-2.366976
-0.1614402,-2.353258
-0.1128794,-2.338374
-0.0647061,-2.32234
-0.01696081,-2.305152
0.03030314,-2.286803
0.0771993,-2.267207
0.1235114,-2.246398
0.1691471,-2.224351
0.2142508,-2.200899
0.2584955,-2.176082
0.3018983,-2.149722
0.344097,-2.12168
0.3847618,-2.091309
0.4236493,-2.0587
0.4606651,-2.023992
0.4957496,-1.987329
0.5288641,-1.948861
0.5599753,-1.908764
0.5890801,-1.867198
0.6162059,-1.824292
0.6413634,-1.780215
0.6645898,-1.735093
0.6859303,-1.689035
0.7054102,-1.642187
0.7232078,-1.59466
0.7392887,-1.546517
0.7534081,-1.497772
0.7653255,-1.448437
0.7747949,-1.398582
0.7815855,-1.348284
0.7854823,-1.297694
0.7863085,-1.246941
0.7839321,-1.196264
0.778279,-1.145835
0.7693352,-1.095861
0.7571964,-1.046672
0.7428722,-0.9980323
0.7270423,-0.9496766
0.7099267,-0.9020061
0.6914813,-0.8547156
0.6717665,-0.8078743
0.6508679,-0.7616206
0.6288069,-0.7159565
0.605571,-0.6708395
0.5811831,-0.6263178
0.5556555,-0.5824264
0.5290015,-0.5392072
0.5012281,-0.4966961
0.472349,-0.4549419
0.442381,-0.4139977
0.4113094,-0.3738754
0.3791436,-0.3346229
0.3458892,-0.2962824
0.3115583,-0.2589033
0.2761595,-0.2225295
0.2397078,-0.1872097
0.2022206,-0.1529922
0.163714,-0.1199208
0.1242132,-0.08804383
0.08374008,-0.05740293
0.04232631,-0.02804258
